/*
Sample Data v05 - Adds the "Star Wars" list
Date: 2019-12-22 15:32:21
*/

SET FOREIGN_KEY_CHECKS=0;

-- ----------------------------
-- Table structure for book_list
-- ----------------------------
DROP TABLE IF EXISTS `book_list`;
CREATE TABLE `book_list` (
  `id` smallint(5) unsigned NOT NULL AUTO_INCREMENT,
  `title` varchar(255) DEFAULT NULL,
  `author` varchar(255) DEFAULT NULL,
  `published_date` date DEFAULT NULL,
  `volume_id` varchar(20) DEFAULT NULL,
  PRIMARY KEY (`id`)
) ENGINE=InnoDB AUTO_INCREMENT=102 DEFAULT CHARSET=latin1 ROW_FORMAT=DYNAMIC;

-- ----------------------------
-- Records of book_list
-- ----------------------------
INSERT INTO `book_list` VALUES ('1', 'American Gods', 'Neil Gaiman', '2011-11-10', 'fXfJCKXp5-kC');
INSERT INTO `book_list` VALUES ('2', 'Siddhartha', 'Hermann Hesse', '2008-08-07', 'TrJIUZ1ezNkC');
INSERT INTO `book_list` VALUES ('3', 'Sophie\'s World', 'Jostein Gaarder', '2010-07-15', 'J8nE3B5lD9AC');
INSERT INTO `book_list` VALUES ('4', 'The Great Gatsby', 'F. Scott Fitzgerald', '2003-05-27', 'iXn5U2IzVH0C');
INSERT INTO `book_list` VALUES ('5', 'To Kill a Mockingbird', 'Harper Lee', '2014-04-28', 'i5PsAwAAQBAJ');
INSERT INTO `book_list` VALUES ('6', 'Matilda (Colour Edition)', 'Roald Dahl', '2016-09-13', 'P6D7DAAAQBAJ');
INSERT INTO `book_list` VALUES ('7', 'The Art of War', 'Sun Tzu', '2012-03-07', 'V-7DAgAAQBAJ');
INSERT INTO `book_list` VALUES ('8', 'Long Walk To Freedom', 'Nelson Mandela', '2013-04-25', '_ewvL93kFx4C');
INSERT INTO `book_list` VALUES ('9', 'The Man Who Mistook His Wife for a Hat', 'Oliver Sacks', '2009-04-01', 'OmSV5tKzvboC');
INSERT INTO `book_list` VALUES ('10', 'Noughts & Crosses', 'Malorie Blackman', '2006-01-01', 'XM81F4Z2yXsC');
INSERT INTO `book_list` VALUES ('11', 'Lord of the Flies', 'William Golding', '2003-01-01', '3KRdJZbAN_sC');
INSERT INTO `book_list` VALUES ('12', 'A Brief History of Time', 'Stephen W. Hawking', '1998-01-01', 'E7mEnx3zE4AC');
INSERT INTO `book_list` VALUES ('13', 'Do Androids Dream Of Electric Sheep?', 'Philip K. Dick', '2010-04-01', 'MoEO9onVftUC');
INSERT INTO `book_list` VALUES ('14', 'Murder on the Orient Express', 'Agatha Christie', '2004-01-01', 'DZ47PgAACAAJ');
INSERT INTO `book_list` VALUES ('15', 'In Cold Blood', 'Truman Capote', '1980-01-01', 'dRkzaee6Fv0C');
INSERT INTO `book_list` VALUES ('16', 'Frankenstein, or, The Modern Prometheus', 'Mary Wollstonecraft Shelley', '1869-01-01', '2Zc3AAAAYAAJ');
INSERT INTO `book_list` VALUES ('17', 'Alice\'s Adventures in Wonderland & Through the Looking-glass', 'Lewis Carroll', '1993-01-01', '_-DjX7W_xJoC');
INSERT INTO `book_list` VALUES ('18', 'The Secret History', 'Donna Tartt', '2013-05-02', 'S4_PyiyJixQC');
INSERT INTO `book_list` VALUES ('19', 'Wuthering Heights', 'Emily Brontë', '1995-03-09', 'wjlOO_Q-f0kC');
INSERT INTO `book_list` VALUES ('20', 'The Grapes of Wrath', 'John Steinbeck', '1972-01-01', 'riYjBwAAQBAJ');
INSERT INTO `book_list` VALUES ('21', 'Norwegian Wood', 'Haruki Murakami', '2011-10-10', 'kd1XlWVAIWQC');
INSERT INTO `book_list` VALUES ('22', 'One flew over the cuckoo\'s nest', 'Ken Kesey', '1973-01-01', 'BwcPAQAAMAAJ');
INSERT INTO `book_list` VALUES ('23', 'The Man in the Iron Mask', 'Alexandre Dumas, Pere', '2014-02-06', 'NBbNAgAAQBAJ');
INSERT INTO `book_list` VALUES ('24', 'The Color Purple', 'Alice Walker', '1982-01-01', 'CX6m7scQ4wcC');
INSERT INTO `book_list` VALUES ('25', 'The Girl With the Dragon Tattoo', 'Stieg Larsson', '2010-01-01', '0zlhBQAAQBAJ');
INSERT INTO `book_list` VALUES ('26', 'Lolita', 'Vladimir Nabokov', '2012-07-27', 'S0lVyYcw8tsC');
INSERT INTO `book_list` VALUES ('27', 'Harry Potter Series', 'JK Rowling', '2007-11-19', 'f280CwAAQBAJ');
INSERT INTO `book_list` VALUES ('28', 'His Dark Materials: The Complete Trilogy', 'Philip Pullman', '2015-11-20', 'WCjnCgAAQBAJ');
INSERT INTO `book_list` VALUES ('30', 'The Picture of Dorian Gray', 'Oscar Wilde', '1908-01-01', 'w9A98UIGNMAC');
INSERT INTO `book_list` VALUES ('31', 'The Road', 'Cormac McCarthy', '2006-10-01', 'fwMuvZo1HEAC');
INSERT INTO `book_list` VALUES ('32', 'ULYSSES', 'James Joyce', '2017-07-06', 'o3RODwAAQBAJ');
INSERT INTO `book_list` VALUES ('33', 'Bad Science', 'Ben Goldacre', '2008-12-07', 'Gv1NQubrGNIC');
INSERT INTO `book_list` VALUES ('34', 'I Capture the Castle', 'Dodie Smith', '2013-01-01', 'zXg8AQAAQBAJ');
INSERT INTO `book_list` VALUES ('35', 'Fear and Loathing in Las Vegas', 'Hunter S. Thompson', '2010-09-29', 'R11qaqN4jzQC');
INSERT INTO `book_list` VALUES ('36', 'Les Miserables', 'Victor Hugo', '1862-01-01', 'E18Bom4aEnIC');
INSERT INTO `book_list` VALUES ('37', 'The Catcher in the Rye', 'J.D. Salinger', '2001-01-30', 'iQDWg8mBz-0C');
INSERT INTO `book_list` VALUES ('38', 'The Wind in the Willows', 'Kenneth Grahame', '1908-01-01', 'bqhaAAAAMAAJ');
INSERT INTO `book_list` VALUES ('39', 'Wild Swans', 'Jung Chang', '2008-06-20', '0sBu1Fj4Ed0C');
INSERT INTO `book_list` VALUES ('40', 'The Ultimate Hitchhiker\'s Guide to the Galaxy', 'Douglas Adams', '2010-09-29', 'mO-62VxpLe0C');
INSERT INTO `book_list` VALUES ('41', 'Tinker Tailor Soldier Spy', 'John le Carré', '2018-09-27', '4G9ODwAAQBAJ');
INSERT INTO `book_list` VALUES ('42', 'Crime and Punishment', 'Fyodor Dostoyevsky', '2008-01-01', '0HZrq-4zA5QC');
INSERT INTO `book_list` VALUES ('43', 'The Poisonwood Bible', 'Barbara Kingsolver', '2008-09-04', 'QJ0JmYmeHFAC');
INSERT INTO `book_list` VALUES ('44', 'Gulliver\'s Travels', 'Jonathan Swift', '1992-01-01', 'nEaXR-eNwOYC');
INSERT INTO `book_list` VALUES ('45', 'The War of the Worlds', 'H. G. Wells', '1898-01-01', '1HoBYmku9uQC');
INSERT INTO `book_list` VALUES ('46', 'Anna Karenina', 'Leo Tolstoy', '2012-03-05', 'dm8fqg9B8DEC');
INSERT INTO `book_list` VALUES ('47', 'A Game of Thrones (A Song of Ice and Fire, Book 1)', 'George R.R. Martin', '2010-12-23', 'JPDOSzE7Bo0C');
INSERT INTO `book_list` VALUES ('48', 'The Help', 'Kathryn Stockett', '2011-09-29', 'wsEXhw17prsC');
INSERT INTO `book_list` VALUES ('49', 'Flowers for Algernon', 'David Rogers', '1969-01-01', 'gK98gXR8onwC');
INSERT INTO `book_list` VALUES ('50', 'Maya Angelou\'s I Know why the Caged Bird Sings', 'Joanne M. Braxton', '1999-01-01', 'pCNi3A6GPm8C');
INSERT INTO `book_list` VALUES ('51', 'American Psycho', 'Bret Easton Ellis', '2010-06-09', 'Gd_mGRCwW1QC');
INSERT INTO `book_list` VALUES ('52', 'Notes from a Small Island', 'Bill Bryson', '2015-01-01', 'yGFFCgAAQBAJ');
INSERT INTO `book_list` VALUES ('53', 'Macbeth', 'William Shakespeare', '1876-01-01', 'OmtFGmhd0g0C');
INSERT INTO `book_list` VALUES ('54', 'The Fellowship of the Ring', 'J.R.R. Tolkien', '2012-02-15', 'aWZzLPhY4o0C');
INSERT INTO `book_list` VALUES ('55', 'A History of Venice', 'John Julius Norwich', '2003-07-03', '1RLm2eHVNDsC');
INSERT INTO `book_list` VALUES ('56', 'Great Expectations', 'Charles Dickens', '1881-01-01', 'fhUXAAAAYAAJ');
INSERT INTO `book_list` VALUES ('57', 'The Selfish Gene', 'Richard Dawkins', '2006-03-16', 'koaD_Aod_V0C');
INSERT INTO `book_list` VALUES ('58', 'A Wild Sheep Chase', 'Haruki Murakami', '2011-10-10', 'CMV-gKPeJtcC');
INSERT INTO `book_list` VALUES ('59', 'Schindler\'s List', 'Thomas Keneally', '2013-08-06', 'ARBAxc4SWFgC');
INSERT INTO `book_list` VALUES ('60', 'London Fields', 'Martin Amis', '2010-09-07', 'PPPA0PPJALUC');
INSERT INTO `book_list` VALUES ('61', 'The Hound of the Baskervilles', 'Sir Arthur Conan Doyle', '1987-05-12', 'SkrrOPAoD7EC');
INSERT INTO `book_list` VALUES ('62', 'My Man Jeeves', 'P. G. Wodehouse', '2018-03-10', 'BPN4DwAAQBAJ');
INSERT INTO `book_list` VALUES ('63', 'The English Patient', 'Michael Ondaatje', '2018-05-26', 'IA9KtwEACAAJ');
INSERT INTO `book_list` VALUES ('64', 'The Mill on the Floss', 'George Eliot', '2015-07-30', 'MOQmCwAAQBAJ');
INSERT INTO `book_list` VALUES ('65', 'The Count of Monte-Cristo', 'Alexandre Dumas', '1846-01-01', 'RyEEAAAAQAAJ');
INSERT INTO `book_list` VALUES ('66', 'The Commitments', 'Roddy Doyle', '2013-01-01', 'WcSRAQAAQBAJ');
INSERT INTO `book_list` VALUES ('67', 'Gladys Aylward', 'Gladys Aylward', '1970-06-01', 'r0Eipr3ZhHsC');
INSERT INTO `book_list` VALUES ('68', 'Midnight\'s Children', 'Salman Rushdie', '2011-01-01', 'S2u3hqmYCvkC');
INSERT INTO `book_list` VALUES ('69', 'Tess of the D\'urbervilles', 'Thomas Hardy', '2006-09-05', '6nVLgrfzWjAC');
INSERT INTO `book_list` VALUES ('70', 'The Boy in the Striped Pyjamas', 'John Boyne', '2012-08-02', 'yNMdhHubFK0C');
INSERT INTO `book_list` VALUES ('71', 'Hamlet', 'William Shakespeare', '2005-12-01', 'webh0KkT9o8C');
INSERT INTO `book_list` VALUES ('72', 'Goodnight Mister Tom', 'Michelle Magorian', '2010-06-03', '1mUR9HyEQbEC');
INSERT INTO `book_list` VALUES ('73', 'Dissolution: A Shardlake Novel 1', 'C. J. Sansom', '2003-05-01', 'hWF5bUuMJUsC');
INSERT INTO `book_list` VALUES ('74', 'The Time Machine', 'H. G. Wells', '2009-01-01', 'f3H6SMzlQQwC');
INSERT INTO `book_list` VALUES ('75', 'Winnie-the-Pooh the Collection Collection', 'A. A. Milne', '2016-02-22', 'EOGDQAAACAAJ');
INSERT INTO `book_list` VALUES ('76', 'Animal Farm', 'George Orwell', '1993-01-01', 'RJcBeywz9uMC');
INSERT INTO `book_list` VALUES ('77', 'The Diary of a Young Girl', 'Anne Frank', '1997-01-01', 'M0I2QwAACAAJ');
INSERT INTO `book_list` VALUES ('78', 'The Enchanted Wood', 'Enid Blyton', '2015-07-02', '70uNBQAAQBAJ');
INSERT INTO `book_list` VALUES ('79', 'Dracula', 'Bram Stoker', '2014-05-06', 'sTUoAwAAQBAJ');
INSERT INTO `book_list` VALUES ('80', 'All Quiet on the Western Front', 'Erich Maria Remarque', '1997-01-01', 'fNSXhRuvn_MC');
INSERT INTO `book_list` VALUES ('81', 'Bridget Jones\'s Diary', 'Helen Fielding', '1997-09-01', '3CCqfZoQLjgC');
INSERT INTO `book_list` VALUES ('82', 'The Kite Runner', 'Khaled Hosseini', '2017-03-01', 'IdfWDQAAQBAJ');
INSERT INTO `book_list` VALUES ('83', 'To the Lighthouse', 'Virginia Woolf', '2004-01-01', 'S_qN7V5CB6QC');
INSERT INTO `book_list` VALUES ('84', 'The Chronicles of Narnia', 'C. S. Lewis', '2006-10-17', 'J_htPwAACAAJ');
INSERT INTO `book_list` VALUES ('85', 'Watership Down', 'Richard Adams', '2018-12-18', '7pd5DwAAQBAJ');
INSERT INTO `book_list` VALUES ('86', 'The Odyssey', 'Homer', '2011-03-01', 'qhQAywOYz10C');
INSERT INTO `book_list` VALUES ('87', 'War and Peace', 'Leo Tolstoy', '2019-06-28', '5lpoAwAAQBAJ');
INSERT INTO `book_list` VALUES ('88', 'Moby-Dick', 'Herman Melville', '2004-01-01', 'cyrMu-gkGQQC');
INSERT INTO `book_list` VALUES ('89', 'A Tale of Two Cities', 'Charles Dickens', '1868-01-01', 'YqfPAAAAMAAJ');
INSERT INTO `book_list` VALUES ('90', 'Middlemarch', 'George Eliot', '1994-01-01', 'iPLjUhiXAhYC');
INSERT INTO `book_list` VALUES ('91', 'Jane Eyre', 'Charlotte Brontë', '1864-01-01', 'lSMGAAAAQAAJ');
INSERT INTO `book_list` VALUES ('92', 'Pride and Prejudice', 'Jane Austen', '1918-01-01', 's1gVAAAAYAAJ');
INSERT INTO `book_list` VALUES ('93', 'Memoirs of a Geisha', 'Arthur Golden', '2011-08-01', 'zXUmUO_OQr8C');
INSERT INTO `book_list` VALUES ('94', 'Misery', 'Stephen King', '2016-01-05', 'cc5NCwAAQBAJ');
INSERT INTO `book_list` VALUES ('95', 'Birdsong', 'Sebastian Faulks', '2014-04-01', 'e19hAwAAQBAJ');
INSERT INTO `book_list` VALUES ('96', 'Tell No One', 'Harlan Coben', '2010-08-26', 'cQijlbopEzoC');
INSERT INTO `book_list` VALUES ('97', 'The Adventures of Huckleberry Finn and Zombie Jim', 'Mark Twain', '2011-04-12', 'ees5mRMzg1kC');
INSERT INTO `book_list` VALUES ('98', 'Freakonomics', 'Steven D. Levitt', '2009-09-01', '2pphyRUF3eoC');
INSERT INTO `book_list` VALUES ('99', 'The Handmaid\'s Tale', 'Margaret Atwood', '1996-01-01', 'mKOjMctROckC');
INSERT INTO `book_list` VALUES ('100', '1984', 'George Orwell', '1949-06-08', '8WdODwAAQBAJ');
INSERT INTO `book_list` VALUES ('101', 'The old man and the sea', 'Ernest Hemingway', '1995-01-01', 'K1cIZmFe7KoC');

-- ----------------------------
-- Table structure for movie_list
-- ----------------------------
DROP TABLE IF EXISTS `movie_list`;
CREATE TABLE `movie_list` (
  `id` smallint(5) unsigned NOT NULL AUTO_INCREMENT,
  `title` varchar(255) DEFAULT NULL,
  `poster_path` varchar(255) DEFAULT NULL,
  `tmdb_id` int(10) unsigned DEFAULT NULL,
  `imdb_id` varchar(255) DEFAULT NULL,
  `release_date` date DEFAULT NULL,
  PRIMARY KEY (`id`)
) ENGINE=InnoDB AUTO_INCREMENT=190 DEFAULT CHARSET=latin1;

-- ----------------------------
-- Records of movie_list
-- ----------------------------
INSERT INTO `movie_list` VALUES ('1', 'The Shawshank Redemption', '/9O7gLzmreU0nGkIB6K3BsJbzvNv.jpg', '278', 'tt0111161', '1994-09-23');
INSERT INTO `movie_list` VALUES ('2', 'The Dark Knight', '/1hRoyzDtpgMU7Dz4JF22RANzQO7.jpg', '155', 'tt0468569', '2008-07-16');
INSERT INTO `movie_list` VALUES ('3', 'City of God', '/gCqnQaq8T4CfioP9uETLx9iMJF4.jpg', '598', 'tt0317248', '2002-02-05');
INSERT INTO `movie_list` VALUES ('4', 'Pulp Fiction', '/dM2w364MScsjFf8pfMbaWUcWrR.jpg', '680', 'tt0110912', '1994-09-10');
INSERT INTO `movie_list` VALUES ('5', 'Amélie', '/f0uorE7K7ggHfr8r7pUTOHWkOlE.jpg', '194', 'tt0211915', '2001-04-25');
INSERT INTO `movie_list` VALUES ('6', '12 Angry Men', '/3W0v956XxSG5xgm7LB6qu8ExYJ2.jpg', '389', 'tt0050083', '1957-03-25');
INSERT INTO `movie_list` VALUES ('7', 'Blade Runner', '/vfzE3pjE5G7G7kcZWrA3fnbZo7V.jpg', '78', 'tt0083658', '1982-06-25');
INSERT INTO `movie_list` VALUES ('8', 'A Clockwork Orange', '/4sHeTAp65WrSSuc05nRBKddhBxO.jpg', '185', 'tt0066921', '1971-12-18');
INSERT INTO `movie_list` VALUES ('9', 'The Deer Hunter', '/slNJESItHPqp1CENEJQUPw8d7WE.jpg', '11778', 'tt0077416', '1978-12-08');
INSERT INTO `movie_list` VALUES ('10', 'Casablanca', '/wOBKAoUJZb5qTsWv5XXvVV2vUzz.jpg', '289', 'tt0034583', '1942-11-26');
INSERT INTO `movie_list` VALUES ('11', 'E.T. the Extra-Terrestrial', '/8htLKK03TJjKZOXJgihZCu8v0P.jpg', '601', 'tt0083866', '1982-06-11');
INSERT INTO `movie_list` VALUES ('12', 'Up', '/nk11pvocdb5zbFhX5oq5YiLPYMo.jpg', '14160', 'tt1049413', '2009-05-28');
INSERT INTO `movie_list` VALUES ('13', 'The Rocky Horror Picture Show', '/v2NC7o8f7AZvQbOAwrfRbe5Z106.jpg', '36685', 'tt0073629', '1975-08-14');
INSERT INTO `movie_list` VALUES ('14', 'The Big Lebowski', '/qiE3ovg9TPylHReZjizQ40LsKZV.jpg', '115', 'tt0118715', '1998-03-06');
INSERT INTO `movie_list` VALUES ('15', 'Office Space', '/iO9aZzrfmMvm3IqkFiQyuuUMLh2.jpg', '1542', 'tt0151804', '1999-02-19');
INSERT INTO `movie_list` VALUES ('16', 'Fight Club', '/adw6Lq9FiC9zjYEpOqfq03ituwp.jpg', '550', 'tt0137523', '1999-10-15');
INSERT INTO `movie_list` VALUES ('17', 'Snatch', '/on9JlbGEccLsYkjeEph2Whm1DIp.jpg', '107', 'tt0208092', '2000-09-01');
INSERT INTO `movie_list` VALUES ('18', 'Oldboy', '/rIZX6X0MIHYEebk6W4LABT9VP2c.jpg', '670', 'tt0364569', '2003-09-28');
INSERT INTO `movie_list` VALUES ('19', 'Léon: The Professional', '/gE8S02QUOhVnAmYu4tcrBlMTujz.jpg', '101', 'tt0110413', '1994-09-14');
INSERT INTO `movie_list` VALUES ('20', 'Scarface', '/zr2p353wrd6j3wjLgDT4TcaestB.jpg', '111', 'tt0086250', '1983-12-08');
INSERT INTO `movie_list` VALUES ('21', 'Raiders of the Lost Ark', '/44sKJOGP3fTm4QXBcIuqu0RkdP7.jpg', '85', 'tt0082971', '1981-06-12');
INSERT INTO `movie_list` VALUES ('22', 'The Fellowship of the Ring', '/56zTpe2xvaA4alU51sRWPoKPYZy.jpg', '120', 'tt0120737', '2001-12-18');
INSERT INTO `movie_list` VALUES ('23', 'The Two Towers', '/5VTN0pR8gcqV3EPUHHfMGnJYN9L.jpg', '121', 'tt0167261', '2002-12-18');
INSERT INTO `movie_list` VALUES ('24', 'The Return of the King', '/rCzpDGLbOoPwLjy3OAm5NUPOTrC.jpg', '122', 'tt0167260', '2003-12-01');
INSERT INTO `movie_list` VALUES ('25', 'Moonlight', '/qAwFbszz0kRyTuXmMeKQZCX3Q2O.jpg', '376867', 'tt4975722', '2016-10-21');
INSERT INTO `movie_list` VALUES ('26', 'The Matrix', '/hEpWvX6Bp79eLxY1kX5ZZJcme5U.jpg', '603', 'tt0133093', '1999-03-30');
INSERT INTO `movie_list` VALUES ('27', 'Apocalypse Now', '/jcvJ2xcVWU9Wh0hZAxcs103s8nN.jpg', '28', 'tt0078788', '1979-08-15');
INSERT INTO `movie_list` VALUES ('28', 'The Grand Budapest Hotel', '/nX5XotM9yprCKarRH4fzOq1VM1J.jpg', '120467', 'tt2278388', '2014-02-26');
INSERT INTO `movie_list` VALUES ('29', 'Life of Brian', '/cKpJnXJ6DzAGafAjUWB5PjT904O.jpg', '583', 'tt0079470', '1979-08-17');
INSERT INTO `movie_list` VALUES ('30', 'In Bruges', '/kBABboeLU2HsKWSG7DwiF9saHl5.jpg', '8321', 'tt0780536', '2008-02-08');
INSERT INTO `movie_list` VALUES ('31', '3 Idiots', '/66A9MqXOyVFCssoloscw79z8Tew.jpg', '20453', 'tt1187043', '2009-12-23');
INSERT INTO `movie_list` VALUES ('32', 'The Godfather', '/rPdtLWNsZmAtoZl9PK7S2wE3qiS.jpg', '238', 'tt0068646', '1972-03-14');
INSERT INTO `movie_list` VALUES ('33', 'The Notebook', '/gMfstesBXKdsHToAUXVPHujUDfb.jpg', '11036', 'tt0332280', '2004-06-25');
INSERT INTO `movie_list` VALUES ('34', 'The Lion King', '/bKPtXn9n4M4s8vvZrbw40mYsefB.jpg', '8587', 'tt0110357', '1994-05-07');
INSERT INTO `movie_list` VALUES ('35', 'Stand by Me', '/7QbJa6syM4ZYxtey0d7qB7bmhzb.jpg', '235', 'tt0092005', '1986-08-08');
INSERT INTO `movie_list` VALUES ('36', 'Dirty Dancing', '/jFoktPxTtabZfh9JeDy3F78g9w7.jpg', '88', 'tt0092890', '1987-08-21');
INSERT INTO `movie_list` VALUES ('37', 'Jurassic Park', '/c414cDeQ9b6qLPLeKmiJuLDUREJ.jpg', '329', 'tt0107290', '1993-06-11');
INSERT INTO `movie_list` VALUES ('38', '2001: A Space Odyssey', '/90T7b2LIrL07ndYQBmSm09yqVEH.jpg', '62', 'tt0062622', '1968-04-09');
INSERT INTO `movie_list` VALUES ('39', 'The Goonies', '/bZUbpjwnarSHJK40W9sGpyedWhx.jpg', '9340', 'tt0089218', '1985-06-07');
INSERT INTO `movie_list` VALUES ('40', 'WALL·E', '/9cJETuLMc6R0bTWRA5i7ctY9bxk.jpg', '10681', 'tt0910970', '2008-06-22');
INSERT INTO `movie_list` VALUES ('41', 'Groundhog Day', '/vXjVd0Vu0MXRZnga7wEnHIIhO5B.jpg', '137', 'tt0107048', '1993-02-11');
INSERT INTO `movie_list` VALUES ('42', 'Star Wars', '/btTdmkgIvOi0FFip1sPuZI2oQG6.jpg', '11', 'tt0076759', '1977-05-25');
INSERT INTO `movie_list` VALUES ('43', 'The Empire Strikes Back', '/9SKDSFbaM6LuGqG1aPWN3wYGEyD.jpg', '1891', 'tt0080684', '1980-05-20');
INSERT INTO `movie_list` VALUES ('44', 'Return of the Jedi', '/lrJWyjOVjPhghl4KyAMtOepAxs.jpg', '1892', 'tt0086190', '1983-05-23');
INSERT INTO `movie_list` VALUES ('45', 'Schindler\'s List', '/yPisjyLweCl1tbgwgtzBCNCBle.jpg', '424', 'tt0108052', '1993-12-15');
INSERT INTO `movie_list` VALUES ('46', 'Breakfast at Tiffany\'s', '/c95lbDwL5WT8PV9DZsdSvRtXKNA.jpg', '164', 'tt0054698', '1961-10-05');
INSERT INTO `movie_list` VALUES ('47', 'Shaun of the Dead', '/2evlcGnsfdFWLb7geNlIjIewc0Q.jpg', '747', 'tt0365748', '2004-04-09');
INSERT INTO `movie_list` VALUES ('48', 'Back to the Future', '/pTpxQB1N0waaSc3OSn0e9oc8kx9.jpg', '105', 'tt0088763', '1985-07-03');
INSERT INTO `movie_list` VALUES ('49', 'Forrest Gump', '/yE5d3BUhE8hCnkMUJOo1QDoOGNz.jpg', '13', 'tt0109830', '1994-07-06');
INSERT INTO `movie_list` VALUES ('50', 'The Silence of the Lambs', '/qjAyTj2BSth1EQ89vNfo0JYVPFN.jpg', '274', 'tt0102926', '1991-02-01');
INSERT INTO `movie_list` VALUES ('51', 'The Shining', '/9fgh3Ns1iRzlQNYuJyK0ARQZU7w.jpg', '694', 'tt0081505', '1980-05-22');
INSERT INTO `movie_list` VALUES ('52', 'Alien', '/2h00HrZs89SL3tXB4nbkiM7BKHs.jpg', '348', 'tt0078748', '1979-05-25');
INSERT INTO `movie_list` VALUES ('53', 'Memento', '/fQMSaP88cf1nz4qwuNEEFtazuDM.jpg', '77', 'tt0209144', '2000-10-11');
INSERT INTO `movie_list` VALUES ('54', 'Se7en', '/8zw8IL4zEPjkh8Aysdcd0FwGMb0.jpg', '807', 'tt0114369', '1995-09-22');
INSERT INTO `movie_list` VALUES ('55', 'Halloween', '/vjoOFOTBJcJvA1weJejlZ92LZD4.jpg', '948', 'tt0077651', '1978-10-24');
INSERT INTO `movie_list` VALUES ('56', 'Jaws', '/l1yltvzILaZcx2jYvc5sEMkM7Eh.jpg', '578', 'tt0073195', '1975-06-18');
INSERT INTO `movie_list` VALUES ('57', 'The Evil Dead', '/7cpSdCrBY7UhiygkcP57dpixXsW.jpg', '764', 'tt0083907', '1981-10-15');
INSERT INTO `movie_list` VALUES ('58', 'Airplane!', '/b4sAWNIbfXw4WTdc1wiVRBk2Vko.jpg', '813', 'tt0080339', '1980-07-02');
INSERT INTO `movie_list` VALUES ('59', 'Mean Girls', '/lDlGPZS0UJYKxVlpyff3BMyPc2H.jpg', '10625', 'tt0377092', '2004-04-30');
INSERT INTO `movie_list` VALUES ('60', 'Lawrence of Arabia', '/j21UXCOq0EbV8EPTtmPn1CGePfB.jpg', '947', 'tt0056172', '1962-12-10');
INSERT INTO `movie_list` VALUES ('61', 'Drive', '/nu7XIa67cXc2t7frXCE5voXUJcN.jpg', '64690', 'tt0780504', '2011-08-06');
INSERT INTO `movie_list` VALUES ('62', 'Casino Royale', '/zlWBxz2pTA9p45kUTrI8AQiKrHm.jpg', '36557', 'tt0381061', '2006-11-14');
INSERT INTO `movie_list` VALUES ('63', 'Ghostbusters', '/3FS3oBdorgczgfCkFi2u8ZTFfpS.jpg', '620', 'tt0087332', '1984-06-07');
INSERT INTO `movie_list` VALUES ('64', 'Rosemary\'s Baby', '/kqA1pt9ovovArgJZi2Lu4Unf6He.jpg', '805', 'tt0063522', '1968-06-12');
INSERT INTO `movie_list` VALUES ('65', 'Mary and Max', '/k0lQISUC4NuvKYasJn59JHc2rla.jpg', '24238', 'tt0978762', '2009-02-09');
INSERT INTO `movie_list` VALUES ('66', 'The Terminator', '/q8ffBuxQlYOHrvPniLgCbmKK4Lv.jpg', '218', 'tt0088247', '1984-10-26');
INSERT INTO `movie_list` VALUES ('67', 'The Green Mile', '/sOHqdY1RnSn6kcfAHKu28jvTebE.jpg', '497', 'tt0120689', '1999-12-10');
INSERT INTO `movie_list` VALUES ('68', 'Rocky', '/9TUR3s1PMJHwDRbpm7PWQ0S7IRy.jpg', '1366', 'tt0075148', '1976-11-21');
INSERT INTO `movie_list` VALUES ('69', 'This Is Spinal Tap', '/2VDPeoPJ2bKdmfuJxxCktx1hr5g.jpg', '11031', 'tt0088258', '1984-05-04');
INSERT INTO `movie_list` VALUES ('70', 'American Psycho', '/qXsylPM4Lr5397R3eHrfqHhTUNc.jpg', '1359', 'tt0144084', '2000-04-13');
INSERT INTO `movie_list` VALUES ('71', 'Citizen Kane', '/sav0jxhqiH0bPr2vZFU0Kjt2nZL.jpg', '15', 'tt0033467', '1941-04-30');
INSERT INTO `movie_list` VALUES ('72', 'The Intouchables', '/4mFsNQwbD0F237Tx7gAPotd0nbJ.jpg', '77338', 'tt1675434', '2011-11-02');
INSERT INTO `movie_list` VALUES ('73', 'American History X', '/fXepRAYOx1qC3wju7XdDGx60775.jpg', '73', 'tt0120586', '1998-10-30');
INSERT INTO `movie_list` VALUES ('74', 'Seven Samurai', '/v6xrz4fr92KY1oNC3HsEvrsvR1n.jpg', '346', 'tt0047478', '1954-04-26');
INSERT INTO `movie_list` VALUES ('75', 'Gladiator', '/6WBIzCgmDCYrqh64yDREGeDk9d3.jpg', '98', 'tt0172495', '2000-05-01');
INSERT INTO `movie_list` VALUES ('76', 'The Good, the Bad and the Ugly', '/wfPHdfofBD5PN96dV96a51B3Ja2.jpg', '429', 'tt0060196', '1966-12-23');
INSERT INTO `movie_list` VALUES ('77', 'Brokeback Mountain', '/z2DqVxj17aW6xpimRlCLfhKSfUm.jpg', '142', 'tt0388795', '2005-09-10');
INSERT INTO `movie_list` VALUES ('78', 'The Great Dictator', '/hK2KsU0lNiYRqIrYJcC3x63dPnH.jpg', '914', 'tt0032553', '1940-10-15');
INSERT INTO `movie_list` VALUES ('79', 'Toy Story', '/rhIRbceoE9lR4veEXuwCC2wARtG.jpg', '862', 'tt0114709', '1995-10-30');
INSERT INTO `movie_list` VALUES ('80', 'The Prestige', '/5MXyQfz8xUP3dIFPTubhTsbFY6N.jpg', '1124', 'tt0482571', '2006-10-19');
INSERT INTO `movie_list` VALUES ('81', 'Titanic', '/kHXEpyfl6zqn8a6YuozZUujufXf.jpg', '597', 'tt0120338', '1997-11-18');
INSERT INTO `movie_list` VALUES ('82', 'Her', '/fsoTLnUXEUTNuVCBxAJMY0HPPd.jpg', '152601', 'tt1798709', '2013-12-18');
INSERT INTO `movie_list` VALUES ('83', 'Boyz n the Hood', '/9qQdpidN33pTEaxAP5gaTmCPGFq.jpg', '650', 'tt0101507', '1991-07-12');
INSERT INTO `movie_list` VALUES ('84', 'Four Weddings and a Funeral', '/md9kMKnLG8LG4pMDM98gy5x4K5L.jpg', '712', 'tt0109831', '1994-03-09');
INSERT INTO `movie_list` VALUES ('85', 'Little Miss Sunshine', '/5ZuviyEOkelod8x5j5CWa45jsw2.jpg', '773', 'tt0449059', '2006-07-26');
INSERT INTO `movie_list` VALUES ('86', 'Trainspotting', '/p1O3eFsdb0GEIYu87xlwV7P4jM1.jpg', '627', 'tt0117951', '1996-02-23');
INSERT INTO `movie_list` VALUES ('87', 'The Departed', '/tGLO9zw5ZtCeyyEWgbYGgsFxC6i.jpg', '1422', 'tt0407887', '2006-10-05');
INSERT INTO `movie_list` VALUES ('88', 'Saving Private Ryan', '/miDoEMlYDJhOCvxlzI0wZqBs9Yt.jpg', '857', 'tt0120815', '1998-07-24');
INSERT INTO `movie_list` VALUES ('89', 'No Country for Old Men', '/nBaqryObPuxmuAndWUjDE5rriTd.jpg', '6977', 'tt0477348', '2007-11-08');
INSERT INTO `movie_list` VALUES ('90', 'The Pianist', '/hfMeo073RxKKjZZV4gSGema1yog.jpg', '423', 'tt0253474', '2002-09-17');
INSERT INTO `movie_list` VALUES ('91', 'Dr. Strangelove or: How I Learned to Stop Worrying and Love the Bomb', '/tviJ68Wj4glQk3CPMvdvExYHxX.jpg', '935', 'tt0057012', '1964-01-29');
INSERT INTO `movie_list` VALUES ('92', 'Lagaan: Once Upon a Time in India', '/yNX9lFRAFeNLNRIXdqZK9gYrYKa.jpg', '19666', 'tt0169102', '2001-06-15');
INSERT INTO `movie_list` VALUES ('93', 'Bahubali: The Beginning', '/5uurRfH9KdMiecCNTzO1MSi9Tqw.jpg', '256040', 'tt2631186', '2015-07-10');
INSERT INTO `movie_list` VALUES ('94', 'Psycho', '/81d8oyEFgj7FlxJqSDXWr8JH8kV.jpg', '539', 'tt0054215', '1960-06-16');
INSERT INTO `movie_list` VALUES ('95', 'Vertigo', '/obhM86qyv8RsE69XSMTtT9FdE0b.jpg', '426', 'tt0052357', '1958-05-09');
INSERT INTO `movie_list` VALUES ('96', 'The Truman Show', '/EelZzudHRvJmjWccWscN1S5vmI.jpg', '37165', 'tt0120382', '1998-06-04');
INSERT INTO `movie_list` VALUES ('97', 'Reservoir Dogs', '/jX94vnfcuJ8rTnFbsoriY6dlHrC.jpg', '500', 'tt0105236', '1992-09-02');
INSERT INTO `movie_list` VALUES ('98', 'Amadeus', '/flnoqdC38mbaulAeptjynOFO7yi.jpg', '279', 'tt0086879', '1984-10-11');
INSERT INTO `movie_list` VALUES ('99', 'Enter the Dragon', '/6C006cxfwjWYkBW4fM3xCMyr7Yg.jpg', '9461', 'tt0070034', '1973-08-17');
INSERT INTO `movie_list` VALUES ('100', 'The Wizard of Oz', '/tKEHoKPZv3af0Pn3poaOLHOJ6NM.jpg', '630', 'tt0032138', '1939-08-15');
INSERT INTO `movie_list` VALUES ('101', 'Gangs of New York', '/lemqKtcCuAano5aqrzxYiKC8kkn.jpg', '3131', 'tt0217505', '2002-12-14');
INSERT INTO `movie_list` VALUES ('102', 'The Usual Suspects', '/jgJoRWltoS17nD5MAQ1yK2Ztefw.jpg', '629', 'tt0114814', '1995-07-19');
INSERT INTO `movie_list` VALUES ('103', 'Spirited Away', '/oRvMaJOmapypFUcQqpgHMZA6qL9.jpg', '129', 'tt0245429', '2001-07-20');
INSERT INTO `movie_list` VALUES ('104', 'Good Will Hunting', '/jq8LjngZ7XZEQge5JFTdOGMrHyZ.jpg', '489', 'tt0119217', '1997-12-05');
INSERT INTO `movie_list` VALUES ('106', 'Avengers: Endgame', '/or06FN3Dka5tukK1e9sl16pB3iy.jpg', '299534', 'tt4154796', '2019-04-24');
INSERT INTO `movie_list` VALUES ('107', 'Whiplash', '/lIv1QinFqz4dlp5U4lQ6HaiskOZ.jpg', '244786', 'tt2582802', '2014-10-10');
INSERT INTO `movie_list` VALUES ('108', 'Inception', '/qmDpIHrmpJINaRKAfWQfftjCdyi.jpg', '27205', 'tt1375666', '2010-07-15');
INSERT INTO `movie_list` VALUES ('109', 'Avengers: Infinity War', '/7WsyChQLEftFiDOVTGkv3hFpyyt.jpg', '299536', 'tt4154756', '2018-04-25');
INSERT INTO `movie_list` VALUES ('110', 'Interstellar', '/nBNZadXqJSdt05SHLqgT0HuC5Gm.jpg', '157336', 'tt0816692', '2014-11-05');
INSERT INTO `movie_list` VALUES ('111', 'Coco', '/eKi8dIrr8voobbaGzDpe8w0PVbC.jpg', '354912', 'tt2380307', '2017-10-27');
INSERT INTO `movie_list` VALUES ('112', 'Inglourious Basterds', '/ai0LXkzVM3hMjDhvFdKMUemoBe.jpg', '16869', 'tt0361748', '2009-08-18');
INSERT INTO `movie_list` VALUES ('113', 'Shutter Island', '/aZqKsvpJDFy2UzUMsdskNFbfkOd.jpg', '11324', 'tt1130884', '2010-02-14');
INSERT INTO `movie_list` VALUES ('114', 'Harry Potter and the Deathly Hallows: Part 2', '/fTplI1NCSuEDP4ITLcTps739fcC.jpg', '12445', 'tt1201607', '2011-07-07');
INSERT INTO `movie_list` VALUES ('115', 'The Imitation Game', '/noUp0XOqIcmgefRnRZa1nhtRvWO.jpg', '205596', 'tt2084970', '2014-11-14');
INSERT INTO `movie_list` VALUES ('116', 'Eternal Sunshine of the Spotless Mind', '/7y3eYvTsGjxPYDtSnumCLIMDkrV.jpg', '38', 'tt0338013', '2004-03-19');
INSERT INTO `movie_list` VALUES ('117', 'Bohemian Rhapsody', '/lHu1wtNaczFPGFDTrjCSzeLPTKN.jpg', '424694', 'tt1727824', '2018-10-24');
INSERT INTO `movie_list` VALUES ('118', 'Django Unchained', '/5WJnxuw41sddupf8cwOxYftuvJG.jpg', '68718', 'tt1853728', '2012-12-25');
INSERT INTO `movie_list` VALUES ('119', 'Inside Out', '/aAmfIX3TT40zUHGcCKrlOZRKC7u.jpg', '150540', 'tt2096673', '2015-06-09');
INSERT INTO `movie_list` VALUES ('120', 'The Wolf of Wall Street', '/vK1o5rZGqxyovfIhZyMELhk03wO.jpg', '106646', 'tt0993846', '2013-12-25');
INSERT INTO `movie_list` VALUES ('121', 'Harry Potter and the Prisoner of Azkaban', '/jUFjMoLh8T2CWzHUSjKCojI5SHu.jpg', '673', 'tt0304141', '2004-05-31');
INSERT INTO `movie_list` VALUES ('122', 'Kill Bill: Vol. 1', '/v7TaX8kXMXs5yFFGR41guUDNcnB.jpg', '24', 'tt0266697', '2003-10-10');
INSERT INTO `movie_list` VALUES ('123', 'Guardians of the Galaxy', '/y31QB9kn3XSudA15tV7UWQ9XLuW.jpg', '118340', 'tt2015381', '2014-07-30');
INSERT INTO `movie_list` VALUES ('124', 'Catch Me If You Can', '/MywWCQGJNUr5kivAQ7eseCG7rm.jpg', '640', 'tt0264464', '2002-12-25');
INSERT INTO `movie_list` VALUES ('125', 'Gone Girl', '/gdiLTof3rbPDAmPaCf4g6op46bj.jpg', '210577', 'tt2267998', '2014-10-01');
INSERT INTO `movie_list` VALUES ('126', 'V for Vendetta', '/8rI9pNiTmugkEbI249evLygl9TC.jpg', '752', 'tt0434409', '2006-02-23');
INSERT INTO `movie_list` VALUES ('127', 'La La Land', '/ylXCdC106IKiarftHkcacasaAcb.jpg', '313369', 'tt3783958', '2016-11-29');
INSERT INTO `movie_list` VALUES ('128', 'Kill Bill: Vol. 2', '/2yhg0mZQMhDyvUQ4rG1IZ4oIA8L.jpg', '393', 'tt0378194', '2004-04-16');
INSERT INTO `movie_list` VALUES ('129', 'Finding Nemo', '/syPWyeeqzTQIxjIUaIFI7d0TyEY.jpg', '12', 'tt0266543', '2003-05-30');
INSERT INTO `movie_list` VALUES ('130', 'Logan', '/fnbjcRDYn6YviCcePDnGdyAkYsB.jpg', '263115', 'tt3315342', '2017-02-28');
INSERT INTO `movie_list` VALUES ('131', 'Big Hero 6', '/9gLu47Zw5ertuFTZaxXOvNfy78T.jpg', '177572', 'tt2245084', '2014-10-24');
INSERT INTO `movie_list` VALUES ('132', 'Monsters, Inc.', '/93Y9BGx8blzmZOPSoivkFfaifqU.jpg', '585', 'tt0198781', '2001-11-01');
INSERT INTO `movie_list` VALUES ('133', 'Toy Story 3', '/mMltbSxwEdNE4Cv8QYLpzkHWTDo.jpg', '10193', 'tt0435761', '2010-06-16');
INSERT INTO `movie_list` VALUES ('134', 'Harry Potter and the Deathly Hallows: Part 1', '/maP4MTfPCeVD2FZbKTLUgriOW4R.jpg', '12444', 'tt0926084', '2010-10-17');
INSERT INTO `movie_list` VALUES ('135', 'Harry Potter and the Goblet of Fire', '/6sASqcdrEHXxUhA3nFpjrRecPD2.jpg', '674', 'tt0330373', '2005-11-16');
INSERT INTO `movie_list` VALUES ('136', 'How to Train Your Dragon', '/hIXX3IRFy0InUOmYeWjvhCAgQNj.jpg', '10191', 'tt0892769', '2010-03-10');
INSERT INTO `movie_list` VALUES ('137', 'Zootopia', '/sM33SANp9z6rXW8Itn7NnG1GOEs.jpg', '269149', 'tt2948356', '2016-02-11');
INSERT INTO `movie_list` VALUES ('138', 'The Dark Knight Rises', '/dEYnvnUfXrqvqeRSqvIEtmzhoA8.jpg', '49026', 'tt1345836', '2012-07-16');
INSERT INTO `movie_list` VALUES ('139', 'The Hateful Eight', '/fqe8JxDNO8B8QfOGTdjh6sPCdSC.jpg', '273248', 'tt3460252', '2015-12-25');
INSERT INTO `movie_list` VALUES ('140', 'Pirates of the Caribbean: The Curse of the Black Pearl', '/tkt9xR1kNX5R9rCebASKck44si2.jpg', '22', 'tt0325980', '2003-07-09');
INSERT INTO `movie_list` VALUES ('141', 'Back to the Future Part II', '/k5dzvCQkXU2CAhLtlj9BHE7xmyK.jpg', '165', 'tt0096874', '1989-11-22');
INSERT INTO `movie_list` VALUES ('142', 'Harry Potter and the Chamber of Secrets', '/sdEOH0992YZ0QSxgXNIGLq1ToUi.jpg', '672', 'tt0295297', '2002-11-13');
INSERT INTO `movie_list` VALUES ('143', 'The Incredibles', '/2LqaLgk4Z226KkgPJuiOQ58wvrm.jpg', '9806', 'tt0317705', '2004-11-05');
INSERT INTO `movie_list` VALUES ('144', 'Captain America: The Winter Soldier', '/5TQ6YDmymBpnF005OyoB7ohZps9.jpg', '100402', 'tt1843866', '2014-03-20');
INSERT INTO `movie_list` VALUES ('145', 'The Martian', '/5aGhaIHYuQbqlHWvWYqMCnj40y2.jpg', '286217', 'tt3659388', '2015-09-30');
INSERT INTO `movie_list` VALUES ('146', 'Guardians of the Galaxy Vol. 2', '/y4MBh0EjBlMuOzv9axM4qJlmhzz.jpg', '283995', 'tt3896198', '2017-04-19');
INSERT INTO `movie_list` VALUES ('147', 'Edward Scissorhands', '/kgLTB53HinftRRwhft7yrUOclDC.jpg', '162', 'tt0099487', '1990-12-05');
INSERT INTO `movie_list` VALUES ('148', 'Ratatouille', '/xVxxSYHAfrEbllyWFQG5df5nwH4.jpg', '2062', 'tt0382932', '2007-06-22');
INSERT INTO `movie_list` VALUES ('149', 'Kingsman: The Secret Service', '/8x7ej0LnHdKUqilNNJXYOeyB6L9.jpg', '207703', 'tt2802144', '2015-01-24');
INSERT INTO `movie_list` VALUES ('150', 'The Avengers', '/cezWGskPY5x7GaglTTRN4Fugfb8.jpg', '24428', 'tt0848228', '2012-04-25');
INSERT INTO `movie_list` VALUES ('151', 'Harry Potter and the Half-Blood Prince', '/bFXys2nhALwDvpkF3dP3Vvdfn8b.jpg', '767', 'tt0417741', '2009-07-07');
INSERT INTO `movie_list` VALUES ('152', 'Batman Begins', '/dr6x4GyyegBWtinPBzipY02J2lV.jpg', '272', 'tt0372784', '2005-06-10');
INSERT INTO `movie_list` VALUES ('153', 'Harry Potter and the Order of the Phoenix', '/4YnLxYLHhT4UQ8i9jxAXWy46Xuw.jpg', '675', 'tt0373889', '2007-06-28');
INSERT INTO `movie_list` VALUES ('154', 'Ready Player One', '/pU1ULUq8D3iRxl1fdX2lZIzdHuI.jpg', '333339', 'tt1677720', '2018-03-28');
INSERT INTO `movie_list` VALUES ('155', 'The Fault in Our Stars', '/sc6XLX6J714LDkVV3Ys3clgypQS.jpg', '222935', 'tt2582846', '2014-05-16');
INSERT INTO `movie_list` VALUES ('156', 'Edge of Tomorrow', '/tpoVEYvm6qcXueZrQYJNRLXL88s.jpg', '137113', 'tt1631867', '2014-05-27');
INSERT INTO `movie_list` VALUES ('157', 'The Hobbit: The Desolation of Smaug', '/gQCiuxGsfiXH1su6lp9n0nd0UeH.jpg', '57158', 'tt1170358', '2013-12-11');
INSERT INTO `movie_list` VALUES ('158', 'Ex Machina', '/btbRB7BrD887j5NrvjxceRDmaot.jpg', '264660', 'tt0470752', '2015-01-21');
INSERT INTO `movie_list` VALUES ('159', 'Shrek', '/140ewbWv8qHStD3mlBDvvGd0Zvu.jpg', '808', 'tt0126029', '2001-05-16');
INSERT INTO `movie_list` VALUES ('160', 'Deadpool', '/inVq3FRqcYIRl2la8iZikYYxFNR.jpg', '293660', 'tt1431045', '2016-02-09');
INSERT INTO `movie_list` VALUES ('161', 'Iron Man', '/78lPtwv72eTNqFW9COBYI0dWDJa.jpg', '1726', 'tt0371746', '2008-04-30');
INSERT INTO `movie_list` VALUES ('162', 'Black Swan', '/dQ7uxvsVTspVIsqjfgQj8usJpwX.jpg', '44214', 'tt0947798', '2010-12-03');
INSERT INTO `movie_list` VALUES ('163', 'Thor: Ragnarok', '/rzRwTcFvttcN1ZpX2xv4j3tSdJu.jpg', '284053', 'tt3501632', '2017-10-25');
INSERT INTO `movie_list` VALUES ('164', 'Moana', '/z4x0Bp48ar3Mda8KiPD1vwSY3D8.jpg', '277834', 'tt3521164', '2016-11-23');
INSERT INTO `movie_list` VALUES ('165', 'X-Men: Days of Future Past', '/pb1IURTkK5rImP9ZV83lxJO2us7.jpg', '127585', 'tt1877832', '2014-05-15');
INSERT INTO `movie_list` VALUES ('166', 'Deadpool 2', '/to0spRl1CMDvyUbOnbb4fTk3VAd.jpg', '383498', 'tt5463162', '2018-05-10');
INSERT INTO `movie_list` VALUES ('167', 'Get Out', '/1SwAVYpuLj8KsHxllTF8Dt9dSSX.jpg', '419430', 'tt5052448', '2017-02-24');
INSERT INTO `movie_list` VALUES ('168', 'Toy Story 2', '/3CmK3XurcLeUyMifCR28ibzupbB.jpg', '863', 'tt0120363', '1999-10-30');
INSERT INTO `movie_list` VALUES ('169', 'Harry Potter and the Philosopher\'s Stone', '/dCtFvscYcXQKTNvyyaQr2g2UacJ.jpg', '671', 'tt0241527', '2001-11-16');
INSERT INTO `movie_list` VALUES ('170', 'The Ewok Adventure', '/nBj50ywoyBPHlXXIByIxzgjPWPZ.jpg', '1884', 'tt0087225', '1984-11-25');
INSERT INTO `movie_list` VALUES ('171', 'The Star Wars Holiday Special', '/3MsSWyFFWGNOneSfLv4Qtw8xThg.jpg', '74849', 'tt0193524', '1978-11-17');
INSERT INTO `movie_list` VALUES ('172', 'Ewoks: The Battle for Endor', '/nk5dDPed5IpAqC9G4gcADEP4VOn.jpg', '10372', 'tt0089110', '1985-11-24');
INSERT INTO `movie_list` VALUES ('173', 'Star Wars: Ewoks (Series)', '/uv7QkoePPK5PfpYVVim6JI8DEpO.jpg', '3478', 'tt0088515', '1985-09-07');
INSERT INTO `movie_list` VALUES ('174', 'Star Wars: Droids (Series)', '/z8l5c046nQ9KoHpKIrcTBw7P7dL.jpg', '25', 'tt0088510', '1985-09-07');
INSERT INTO `movie_list` VALUES ('175', 'Star Wars: Episode I - The Phantom Menace', '/n8V09dDc02KsSN6Q4hC2BX6hN8X.jpg', '1893', 'tt0120915', '1999-07-16');
INSERT INTO `movie_list` VALUES ('176', 'Star Wars: Episode II - Attack of the Clones', '/2vcNFtrZXNwIcBgH5e2xXCmVR8t.jpg', '1894', 'tt0121765', '2002-05-16');
INSERT INTO `movie_list` VALUES ('177', 'Star Wars: Clone Wars (Series)', '/3Uv9vwC8t8h9YXALdZFzDNihfku.jpg', '3122', 'tt0361243', '2003-11-07');
INSERT INTO `movie_list` VALUES ('178', 'Star Wars: The Clone Wars', '/xd6yhmtS6mEURZLwUDT5raEMbf.jpg', '12180', 'tt1185834', '2008-08-14');
INSERT INTO `movie_list` VALUES ('179', 'Star Wars: The Clone Wars (Series)', '/p6s2svEHHLsQ1TOw4Si54c1dD5L.jpg', '4194', 'tt0458290', '2008-10-03');
INSERT INTO `movie_list` VALUES ('180', 'Star Wars: Episode III - Revenge of the Sith', '/tgr5Pdy7ehZYBqBkN2K7Q02xgOb.jpg', '1895', 'tt0121766', '2005-05-17');
INSERT INTO `movie_list` VALUES ('181', 'Star Wars: Rebels', '/dfzbkhKMnkdwiG1AAIJnrc9SDdY.jpg', '60554', 'tt2930604', '2014-10-03');
INSERT INTO `movie_list` VALUES ('182', 'Star Wars: Episode VII - The Force Awakens', '/weUSwMdQIa3NaXVzwUoIIcAi85d.jpg', '140607', 'tt2488496', '2015-12-17');
INSERT INTO `movie_list` VALUES ('183', 'Rogue One: A Star Wars Story', '/qjiskwlV1qQzRCjpV0cL9pEMF9a.jpg', '330459', 'tt3748528', '2016-12-15');
INSERT INTO `movie_list` VALUES ('184', 'Star Wars: Episode VIII - The Last Jedi', '/kOVEVeg59E0wsnXmF9nrh6OmWII.jpg', '181808', 'tt2527336', '2017-12-14');
INSERT INTO `movie_list` VALUES ('185', 'Solo: A Star Wars Story', '/3IGbjc5ZC5yxim5W0sFING2kdcz.jpg', '348350', 'tt3778644', '2018-05-24');
INSERT INTO `movie_list` VALUES ('186', 'Star Wars: Resistance (Series)', '/xul6SG8rar3wkHPY8YusUtxcdlZ.jpg', '79093', 'tt8336340', '2018-10-07');
INSERT INTO `movie_list` VALUES ('187', 'Star Wars: The Rise of Skywalker', '/db32LaOibwEliAmSL2jjDF6oDdj.jpg', '181812', 'tt2527338', '2019-12-19');
INSERT INTO `movie_list` VALUES ('188', 'Star Wars: Forces of Destiny (Series)', '/a5d2y264VgYUvpKUNNT6EbL1Cwb.jpg', '71412', 'tt6779076', '2017-07-03');
INSERT INTO `movie_list` VALUES ('189', 'The Mandalorian (Series)', '/BbNvKCuEF4SRzFXR16aK6ISFtR.jpg', '82856', 'tt8111088', '2019-11-12');

-- ----------------------------
-- Table structure for list_links
-- ----------------------------
DROP TABLE IF EXISTS `list_links`;
CREATE TABLE `list_links` (
  `id` int(10) unsigned NOT NULL AUTO_INCREMENT,
  `movie_id` smallint(5) unsigned DEFAULT NULL,
  `book_id` smallint(5) unsigned DEFAULT NULL,
  `pos_no` varchar(10) DEFAULT NULL,
  `list_id` tinyint(3) unsigned NOT NULL,
  `split` tinyint(3) unsigned NOT NULL DEFAULT '0',
  PRIMARY KEY (`id`)
) ENGINE=InnoDB AUTO_INCREMENT=527 DEFAULT CHARSET=latin1;

-- ----------------------------
-- Records of list_links
-- ----------------------------
INSERT INTO `list_links` VALUES ('1', '1', null, '1', '1', '0');
INSERT INTO `list_links` VALUES ('2', '2', null, '2', '1', '0');
INSERT INTO `list_links` VALUES ('3', '3', null, '3', '1', '0');
INSERT INTO `list_links` VALUES ('4', '4', null, '4', '1', '0');
INSERT INTO `list_links` VALUES ('5', '5', null, '5', '1', '0');
INSERT INTO `list_links` VALUES ('6', '6', null, '6', '1', '0');
INSERT INTO `list_links` VALUES ('7', '7', null, '7', '1', '0');
INSERT INTO `list_links` VALUES ('8', '8', null, '8', '1', '0');
INSERT INTO `list_links` VALUES ('9', '9', null, '9', '1', '0');
INSERT INTO `list_links` VALUES ('10', '10', null, '10', '1', '0');
INSERT INTO `list_links` VALUES ('11', '11', null, '11', '1', '0');
INSERT INTO `list_links` VALUES ('12', '12', null, '12', '1', '0');
INSERT INTO `list_links` VALUES ('13', '13', null, '13', '1', '0');
INSERT INTO `list_links` VALUES ('14', '14', null, '14', '1', '0');
INSERT INTO `list_links` VALUES ('15', '15', null, '15', '1', '0');
INSERT INTO `list_links` VALUES ('16', '16', null, '16', '1', '0');
INSERT INTO `list_links` VALUES ('17', '17', null, '17', '1', '0');
INSERT INTO `list_links` VALUES ('18', '18', null, '18', '1', '0');
INSERT INTO `list_links` VALUES ('19', '19', null, '19', '1', '0');
INSERT INTO `list_links` VALUES ('20', '20', null, '20', '1', '0');
INSERT INTO `list_links` VALUES ('21', '21', null, '21', '1', '0');
INSERT INTO `list_links` VALUES ('22', '22', null, '22.1', '1', '1');
INSERT INTO `list_links` VALUES ('23', '23', null, '22.2', '1', '1');
INSERT INTO `list_links` VALUES ('24', '24', null, '22.3', '1', '1');
INSERT INTO `list_links` VALUES ('25', '25', null, '23', '1', '0');
INSERT INTO `list_links` VALUES ('26', '26', null, '24', '1', '0');
INSERT INTO `list_links` VALUES ('27', '27', null, '25', '1', '0');
INSERT INTO `list_links` VALUES ('28', '28', null, '26', '1', '0');
INSERT INTO `list_links` VALUES ('29', '29', null, '27', '1', '0');
INSERT INTO `list_links` VALUES ('30', '30', null, '28', '1', '0');
INSERT INTO `list_links` VALUES ('31', '31', null, '29', '1', '0');
INSERT INTO `list_links` VALUES ('32', '32', null, '30', '1', '0');
INSERT INTO `list_links` VALUES ('33', '33', null, '31', '1', '0');
INSERT INTO `list_links` VALUES ('34', '34', null, '32', '1', '0');
INSERT INTO `list_links` VALUES ('35', '35', null, '33', '1', '0');
INSERT INTO `list_links` VALUES ('36', '36', null, '34', '1', '0');
INSERT INTO `list_links` VALUES ('37', '37', null, '35', '1', '0');
INSERT INTO `list_links` VALUES ('38', '38', null, '36', '1', '0');
INSERT INTO `list_links` VALUES ('39', '39', null, '37', '1', '0');
INSERT INTO `list_links` VALUES ('40', '104', null, '100', '1', '0');
INSERT INTO `list_links` VALUES ('41', '103', null, '99', '1', '0');
INSERT INTO `list_links` VALUES ('42', '102', null, '98', '1', '0');
INSERT INTO `list_links` VALUES ('43', '101', null, '97', '1', '0');
INSERT INTO `list_links` VALUES ('44', '100', null, '96', '1', '0');
INSERT INTO `list_links` VALUES ('45', '99', null, '95', '1', '0');
INSERT INTO `list_links` VALUES ('46', '98', null, '94', '1', '0');
INSERT INTO `list_links` VALUES ('47', '97', null, '93', '1', '0');
INSERT INTO `list_links` VALUES ('48', '96', null, '92', '1', '0');
INSERT INTO `list_links` VALUES ('49', '95', null, '91', '1', '0');
INSERT INTO `list_links` VALUES ('50', '94', null, '90', '1', '0');
INSERT INTO `list_links` VALUES ('51', '93', null, '89', '1', '0');
INSERT INTO `list_links` VALUES ('52', '92', null, '88', '1', '0');
INSERT INTO `list_links` VALUES ('53', '91', null, '87', '1', '0');
INSERT INTO `list_links` VALUES ('54', '90', null, '86', '1', '0');
INSERT INTO `list_links` VALUES ('55', '89', null, '85', '1', '0');
INSERT INTO `list_links` VALUES ('56', '88', null, '84', '1', '0');
INSERT INTO `list_links` VALUES ('57', '87', null, '83', '1', '0');
INSERT INTO `list_links` VALUES ('58', '86', null, '82', '1', '0');
INSERT INTO `list_links` VALUES ('59', '85', null, '81', '1', '0');
INSERT INTO `list_links` VALUES ('60', '84', null, '80', '1', '0');
INSERT INTO `list_links` VALUES ('61', '83', null, '79', '1', '0');
INSERT INTO `list_links` VALUES ('62', '82', null, '78', '1', '0');
INSERT INTO `list_links` VALUES ('63', '81', null, '77', '1', '0');
INSERT INTO `list_links` VALUES ('64', '80', null, '76', '1', '0');
INSERT INTO `list_links` VALUES ('65', '79', null, '75', '1', '0');
INSERT INTO `list_links` VALUES ('66', '78', null, '74', '1', '0');
INSERT INTO `list_links` VALUES ('67', '77', null, '73', '1', '0');
INSERT INTO `list_links` VALUES ('68', '76', null, '72', '1', '0');
INSERT INTO `list_links` VALUES ('69', '75', null, '71', '1', '0');
INSERT INTO `list_links` VALUES ('70', '74', null, '70', '1', '0');
INSERT INTO `list_links` VALUES ('71', '73', null, '69', '1', '0');
INSERT INTO `list_links` VALUES ('72', '72', null, '68', '1', '0');
INSERT INTO `list_links` VALUES ('73', '71', null, '67', '1', '0');
INSERT INTO `list_links` VALUES ('74', '70', null, '66', '1', '0');
INSERT INTO `list_links` VALUES ('75', '69', null, '65', '1', '0');
INSERT INTO `list_links` VALUES ('76', '68', null, '64', '1', '0');
INSERT INTO `list_links` VALUES ('77', '67', null, '63', '1', '0');
INSERT INTO `list_links` VALUES ('78', '66', null, '62', '1', '0');
INSERT INTO `list_links` VALUES ('79', '65', null, '61', '1', '0');
INSERT INTO `list_links` VALUES ('80', '64', null, '60', '1', '0');
INSERT INTO `list_links` VALUES ('81', '63', null, '59', '1', '0');
INSERT INTO `list_links` VALUES ('82', '62', null, '58', '1', '0');
INSERT INTO `list_links` VALUES ('83', '61', null, '57', '1', '0');
INSERT INTO `list_links` VALUES ('84', '60', null, '56', '1', '0');
INSERT INTO `list_links` VALUES ('85', '59', null, '55', '1', '0');
INSERT INTO `list_links` VALUES ('86', '58', null, '54', '1', '0');
INSERT INTO `list_links` VALUES ('87', '57', null, '53', '1', '0');
INSERT INTO `list_links` VALUES ('88', '56', null, '52', '1', '0');
INSERT INTO `list_links` VALUES ('89', '55', null, '51', '1', '0');
INSERT INTO `list_links` VALUES ('90', '54', null, '50', '1', '0');
INSERT INTO `list_links` VALUES ('91', '53', null, '49', '1', '0');
INSERT INTO `list_links` VALUES ('92', '51', null, '47', '1', '0');
INSERT INTO `list_links` VALUES ('93', '50', null, '46', '1', '0');
INSERT INTO `list_links` VALUES ('94', '52', null, '48', '1', '0');
INSERT INTO `list_links` VALUES ('95', '49', null, '45', '1', '0');
INSERT INTO `list_links` VALUES ('96', '48', null, '44', '1', '0');
INSERT INTO `list_links` VALUES ('97', '47', null, '43', '1', '0');
INSERT INTO `list_links` VALUES ('98', '46', null, '42', '1', '0');
INSERT INTO `list_links` VALUES ('99', '45', null, '41', '1', '0');
INSERT INTO `list_links` VALUES ('100', '44', null, '40.3', '1', '1');
INSERT INTO `list_links` VALUES ('101', '43', null, '40.2', '1', '1');
INSERT INTO `list_links` VALUES ('102', '42', null, '40.1', '1', '1');
INSERT INTO `list_links` VALUES ('103', '41', null, '39', '1', '0');
INSERT INTO `list_links` VALUES ('104', '40', null, '38', '1', '0');
INSERT INTO `list_links` VALUES ('110', '1', null, '1', '2', '0');
INSERT INTO `list_links` VALUES ('111', '32', null, '2', '2', '0');
INSERT INTO `list_links` VALUES ('112', '45', null, '3', '2', '0');
INSERT INTO `list_links` VALUES ('113', '67', null, '4', '2', '0');
INSERT INTO `list_links` VALUES ('114', '4', null, '5', '2', '0');
INSERT INTO `list_links` VALUES ('115', '2', null, '6', '2', '0');
INSERT INTO `list_links` VALUES ('116', '49', null, '7', '2', '0');
INSERT INTO `list_links` VALUES ('117', '16', null, '8', '2', '0');
INSERT INTO `list_links` VALUES ('118', '24', null, '9', '2', '0');
INSERT INTO `list_links` VALUES ('119', '106', null, '10', '2', '0');
INSERT INTO `list_links` VALUES ('120', '107', null, '11', '2', '0');
INSERT INTO `list_links` VALUES ('121', '43', null, '12', '2', '0');
INSERT INTO `list_links` VALUES ('122', '54', null, '13', '2', '0');
INSERT INTO `list_links` VALUES ('123', '22', null, '14', '2', '0');
INSERT INTO `list_links` VALUES ('124', '108', null, '15', '2', '0');
INSERT INTO `list_links` VALUES ('125', '109', null, '16', '2', '0');
INSERT INTO `list_links` VALUES ('126', '50', null, '17', '2', '0');
INSERT INTO `list_links` VALUES ('127', '23', null, '18', '2', '0');
INSERT INTO `list_links` VALUES ('128', '110', null, '19', '2', '0');
INSERT INTO `list_links` VALUES ('129', '48', null, '20', '2', '0');
INSERT INTO `list_links` VALUES ('130', '34', null, '21', '2', '0');
INSERT INTO `list_links` VALUES ('131', '42', null, '22', '2', '0');
INSERT INTO `list_links` VALUES ('132', '51', null, '23', '2', '0');
INSERT INTO `list_links` VALUES ('133', '53', null, '24', '2', '0');
INSERT INTO `list_links` VALUES ('134', '111', null, '25', '2', '0');
INSERT INTO `list_links` VALUES ('135', '97', null, '26', '2', '0');
INSERT INTO `list_links` VALUES ('136', '80', null, '27', '2', '0');
INSERT INTO `list_links` VALUES ('137', '112', null, '28', '2', '0');
INSERT INTO `list_links` VALUES ('138', '87', null, '29', '2', '0');
INSERT INTO `list_links` VALUES ('139', '75', null, '30', '2', '0');
INSERT INTO `list_links` VALUES ('140', '113', null, '31', '2', '0');
INSERT INTO `list_links` VALUES ('141', '88', null, '32', '2', '0');
INSERT INTO `list_links` VALUES ('142', '114', null, '33', '2', '0');
INSERT INTO `list_links` VALUES ('143', '26', null, '34', '2', '0');
INSERT INTO `list_links` VALUES ('144', '115', null, '35', '2', '0');
INSERT INTO `list_links` VALUES ('145', '52', null, '36', '2', '0');
INSERT INTO `list_links` VALUES ('146', '116', null, '37', '2', '0');
INSERT INTO `list_links` VALUES ('147', '117', null, '38', '2', '0');
INSERT INTO `list_links` VALUES ('148', '96', null, '39', '2', '0');
INSERT INTO `list_links` VALUES ('149', '28', null, '40', '2', '0');
INSERT INTO `list_links` VALUES ('150', '118', null, '41', '2', '0');
INSERT INTO `list_links` VALUES ('151', '44', null, '42', '2', '0');
INSERT INTO `list_links` VALUES ('152', '40', null, '43', '2', '0');
INSERT INTO `list_links` VALUES ('153', '119', null, '44', '2', '0');
INSERT INTO `list_links` VALUES ('154', '120', null, '45', '2', '0');
INSERT INTO `list_links` VALUES ('155', '121', null, '46', '2', '0');
INSERT INTO `list_links` VALUES ('156', '122', null, '47', '2', '0');
INSERT INTO `list_links` VALUES ('157', '7', null, '48', '2', '0');
INSERT INTO `list_links` VALUES ('158', '79', null, '49', '2', '0');
INSERT INTO `list_links` VALUES ('159', '123', null, '50', '2', '0');
INSERT INTO `list_links` VALUES ('160', '124', null, '51', '2', '0');
INSERT INTO `list_links` VALUES ('161', '12', null, '52', '2', '0');
INSERT INTO `list_links` VALUES ('162', '125', null, '53', '2', '0');
INSERT INTO `list_links` VALUES ('163', '126', null, '54', '2', '0');
INSERT INTO `list_links` VALUES ('164', '127', null, '55', '2', '0');
INSERT INTO `list_links` VALUES ('165', '37', null, '56', '2', '0');
INSERT INTO `list_links` VALUES ('166', '82', null, '57', '2', '0');
INSERT INTO `list_links` VALUES ('167', '128', null, '59', '2', '0');
INSERT INTO `list_links` VALUES ('168', '129', null, '60', '2', '0');
INSERT INTO `list_links` VALUES ('169', '81', null, '61', '2', '0');
INSERT INTO `list_links` VALUES ('170', '130', null, '62', '2', '0');
INSERT INTO `list_links` VALUES ('171', '131', null, '63', '2', '0');
INSERT INTO `list_links` VALUES ('172', '132', null, '64', '2', '0');
INSERT INTO `list_links` VALUES ('173', '133', null, '65', '2', '0');
INSERT INTO `list_links` VALUES ('174', '134', null, '66', '2', '0');
INSERT INTO `list_links` VALUES ('175', '135', null, '67', '2', '0');
INSERT INTO `list_links` VALUES ('176', '136', null, '68', '2', '0');
INSERT INTO `list_links` VALUES ('177', '137', null, '69', '2', '0');
INSERT INTO `list_links` VALUES ('178', '138', null, '70', '2', '0');
INSERT INTO `list_links` VALUES ('179', '139', null, '71', '2', '0');
INSERT INTO `list_links` VALUES ('180', '140', null, '72', '2', '0');
INSERT INTO `list_links` VALUES ('181', '141', null, '73', '2', '0');
INSERT INTO `list_links` VALUES ('182', '142', null, '74', '2', '0');
INSERT INTO `list_links` VALUES ('183', '143', null, '75', '2', '0');
INSERT INTO `list_links` VALUES ('184', '144', null, '76', '2', '0');
INSERT INTO `list_links` VALUES ('185', '145', null, '77', '2', '0');
INSERT INTO `list_links` VALUES ('186', '146', null, '78', '2', '0');
INSERT INTO `list_links` VALUES ('187', '147', null, '79', '2', '0');
INSERT INTO `list_links` VALUES ('188', '148', null, '80', '2', '0');
INSERT INTO `list_links` VALUES ('189', '149', null, '81', '2', '0');
INSERT INTO `list_links` VALUES ('190', '150', null, '82', '2', '0');
INSERT INTO `list_links` VALUES ('191', '151', null, '83', '2', '0');
INSERT INTO `list_links` VALUES ('192', '152', null, '84', '2', '0');
INSERT INTO `list_links` VALUES ('193', '153', null, '85', '2', '0');
INSERT INTO `list_links` VALUES ('194', '154', null, '86', '2', '0');
INSERT INTO `list_links` VALUES ('195', '155', null, '87', '2', '0');
INSERT INTO `list_links` VALUES ('196', '156', null, '88', '2', '0');
INSERT INTO `list_links` VALUES ('197', '157', null, '89', '2', '0');
INSERT INTO `list_links` VALUES ('198', '158', null, '90', '2', '0');
INSERT INTO `list_links` VALUES ('199', '159', null, '91', '2', '0');
INSERT INTO `list_links` VALUES ('200', '160', null, '92', '2', '0');
INSERT INTO `list_links` VALUES ('201', '161', null, '93', '2', '0');
INSERT INTO `list_links` VALUES ('202', '162', null, '94', '2', '0');
INSERT INTO `list_links` VALUES ('203', '163', null, '95', '2', '0');
INSERT INTO `list_links` VALUES ('204', '164', null, '96', '2', '0');
INSERT INTO `list_links` VALUES ('205', '165', null, '97', '2', '0');
INSERT INTO `list_links` VALUES ('206', '166', null, '98', '2', '0');
INSERT INTO `list_links` VALUES ('207', '167', null, '99', '2', '0');
INSERT INTO `list_links` VALUES ('208', '168', null, '100', '2', '0');
INSERT INTO `list_links` VALUES ('209', '169', null, '58', '2', '0');
INSERT INTO `list_links` VALUES ('404', null, '1', '1', '3', '0');
INSERT INTO `list_links` VALUES ('405', null, '11', '2', '3', '0');
INSERT INTO `list_links` VALUES ('406', null, '2', '3', '3', '0');
INSERT INTO `list_links` VALUES ('407', null, '3', '4', '3', '0');
INSERT INTO `list_links` VALUES ('408', null, '12', '5', '3', '0');
INSERT INTO `list_links` VALUES ('409', null, '4', '6', '3', '0');
INSERT INTO `list_links` VALUES ('410', null, '5', '7', '3', '0');
INSERT INTO `list_links` VALUES ('411', null, '6', '8', '3', '0');
INSERT INTO `list_links` VALUES ('412', null, '7', '9', '3', '0');
INSERT INTO `list_links` VALUES ('413', null, '13', '10', '3', '0');
INSERT INTO `list_links` VALUES ('414', null, '8', '11', '3', '0');
INSERT INTO `list_links` VALUES ('415', null, '14', '12', '3', '0');
INSERT INTO `list_links` VALUES ('416', null, '9', '13', '3', '0');
INSERT INTO `list_links` VALUES ('417', null, '10', '14', '3', '0');
INSERT INTO `list_links` VALUES ('418', null, '15', '15', '3', '0');
INSERT INTO `list_links` VALUES ('419', null, '16', '16', '3', '0');
INSERT INTO `list_links` VALUES ('420', null, '17', '17', '3', '0');
INSERT INTO `list_links` VALUES ('421', null, '18', '18', '3', '0');
INSERT INTO `list_links` VALUES ('422', null, '19', '19', '3', '0');
INSERT INTO `list_links` VALUES ('423', null, '100', '20', '3', '0');
INSERT INTO `list_links` VALUES ('424', null, '20', '21', '3', '0');
INSERT INTO `list_links` VALUES ('425', null, '21', '22', '3', '0');
INSERT INTO `list_links` VALUES ('426', null, '22', '23', '3', '0');
INSERT INTO `list_links` VALUES ('427', null, '23', '24', '3', '0');
INSERT INTO `list_links` VALUES ('428', null, '24', '25', '3', '0');
INSERT INTO `list_links` VALUES ('429', null, '25', '26', '3', '0');
INSERT INTO `list_links` VALUES ('430', null, '26', '27', '3', '0');
INSERT INTO `list_links` VALUES ('431', null, '56', '28', '3', '0');
INSERT INTO `list_links` VALUES ('432', null, '27', '29', '3', '0');
INSERT INTO `list_links` VALUES ('433', null, '28', '30', '3', '0');
INSERT INTO `list_links` VALUES ('434', null, '101', '31', '3', '0');
INSERT INTO `list_links` VALUES ('435', null, '30', '32', '3', '0');
INSERT INTO `list_links` VALUES ('436', null, '31', '33', '3', '0');
INSERT INTO `list_links` VALUES ('437', null, '32', '34', '3', '0');
INSERT INTO `list_links` VALUES ('438', null, '33', '35', '3', '0');
INSERT INTO `list_links` VALUES ('439', null, '34', '36', '3', '0');
INSERT INTO `list_links` VALUES ('440', null, '35', '37', '3', '0');
INSERT INTO `list_links` VALUES ('441', null, '36', '38', '3', '0');
INSERT INTO `list_links` VALUES ('442', null, '37', '39', '3', '0');
INSERT INTO `list_links` VALUES ('443', null, '38', '40', '3', '0');
INSERT INTO `list_links` VALUES ('444', null, '39', '41', '3', '0');
INSERT INTO `list_links` VALUES ('445', null, '40', '42', '3', '0');
INSERT INTO `list_links` VALUES ('446', null, '41', '43', '3', '0');
INSERT INTO `list_links` VALUES ('447', null, '42', '44', '3', '0');
INSERT INTO `list_links` VALUES ('448', null, '43', '45', '3', '0');
INSERT INTO `list_links` VALUES ('449', null, '97', '46', '3', '0');
INSERT INTO `list_links` VALUES ('450', null, '44', '47', '3', '0');
INSERT INTO `list_links` VALUES ('451', null, '45', '48', '3', '0');
INSERT INTO `list_links` VALUES ('452', null, '46', '49', '3', '0');
INSERT INTO `list_links` VALUES ('453', null, '98', '50', '3', '0');
INSERT INTO `list_links` VALUES ('454', null, '47', '51', '3', '0');
INSERT INTO `list_links` VALUES ('455', null, '48', '52', '3', '0');
INSERT INTO `list_links` VALUES ('456', null, '49', '53', '3', '0');
INSERT INTO `list_links` VALUES ('457', null, '50', '54', '3', '0');
INSERT INTO `list_links` VALUES ('458', null, '51', '55', '3', '0');
INSERT INTO `list_links` VALUES ('459', null, '52', '56', '3', '0');
INSERT INTO `list_links` VALUES ('460', null, '53', '57', '3', '0');
INSERT INTO `list_links` VALUES ('461', null, '54', '58', '3', '0');
INSERT INTO `list_links` VALUES ('462', null, '55', '59', '3', '0');
INSERT INTO `list_links` VALUES ('463', null, '57', '60', '3', '0');
INSERT INTO `list_links` VALUES ('464', null, '99', '61', '3', '0');
INSERT INTO `list_links` VALUES ('465', null, '58', '62', '3', '0');
INSERT INTO `list_links` VALUES ('466', null, '59', '63', '3', '0');
INSERT INTO `list_links` VALUES ('467', null, '60', '64', '3', '0');
INSERT INTO `list_links` VALUES ('468', null, '61', '65', '3', '0');
INSERT INTO `list_links` VALUES ('469', null, '62', '66', '3', '0');
INSERT INTO `list_links` VALUES ('470', null, '63', '67', '3', '0');
INSERT INTO `list_links` VALUES ('471', null, '64', '68', '3', '0');
INSERT INTO `list_links` VALUES ('472', null, '65', '69', '3', '0');
INSERT INTO `list_links` VALUES ('473', null, '66', '70', '3', '0');
INSERT INTO `list_links` VALUES ('474', null, '67', '71', '3', '0');
INSERT INTO `list_links` VALUES ('475', null, '68', '72', '3', '0');
INSERT INTO `list_links` VALUES ('476', null, '69', '73', '3', '0');
INSERT INTO `list_links` VALUES ('477', null, '70', '74', '3', '0');
INSERT INTO `list_links` VALUES ('478', null, '71', '75', '3', '0');
INSERT INTO `list_links` VALUES ('479', null, '72', '76', '3', '0');
INSERT INTO `list_links` VALUES ('480', null, '73', '77', '3', '0');
INSERT INTO `list_links` VALUES ('481', null, '74', '78', '3', '0');
INSERT INTO `list_links` VALUES ('482', null, '75', '79', '3', '0');
INSERT INTO `list_links` VALUES ('483', null, '76', '80', '3', '0');
INSERT INTO `list_links` VALUES ('484', null, '77', '81', '3', '0');
INSERT INTO `list_links` VALUES ('485', null, '78', '82', '3', '0');
INSERT INTO `list_links` VALUES ('486', null, '79', '83', '3', '0');
INSERT INTO `list_links` VALUES ('487', null, '80', '84', '3', '0');
INSERT INTO `list_links` VALUES ('488', null, '81', '85', '3', '0');
INSERT INTO `list_links` VALUES ('489', null, '82', '86', '3', '0');
INSERT INTO `list_links` VALUES ('490', null, '92', '87', '3', '0');
INSERT INTO `list_links` VALUES ('491', null, '83', '88', '3', '0');
INSERT INTO `list_links` VALUES ('492', null, '93', '89', '3', '0');
INSERT INTO `list_links` VALUES ('493', null, '94', '90', '3', '0');
INSERT INTO `list_links` VALUES ('494', null, '84', '91', '3', '0');
INSERT INTO `list_links` VALUES ('495', null, '85', '92', '3', '0');
INSERT INTO `list_links` VALUES ('496', null, '86', '93', '3', '0');
INSERT INTO `list_links` VALUES ('497', null, '87', '94', '3', '0');
INSERT INTO `list_links` VALUES ('498', null, '95', '95', '3', '0');
INSERT INTO `list_links` VALUES ('499', null, '96', '96', '3', '0');
INSERT INTO `list_links` VALUES ('500', null, '88', '97', '3', '0');
INSERT INTO `list_links` VALUES ('501', null, '89', '98', '3', '0');
INSERT INTO `list_links` VALUES ('502', null, '90', '99', '3', '0');
INSERT INTO `list_links` VALUES ('503', null, '91', '100', '3', '0');
INSERT INTO `list_links` VALUES ('504', '42', null, '1', '4', '0');
INSERT INTO `list_links` VALUES ('505', '43', null, '3', '4', '0');
INSERT INTO `list_links` VALUES ('506', '44', null, '4', '4', '0');
INSERT INTO `list_links` VALUES ('507', '170', null, '5', '4', '0');
INSERT INTO `list_links` VALUES ('508', '171', null, '2', '4', '0');
INSERT INTO `list_links` VALUES ('509', '173', null, '6', '4', '0');
INSERT INTO `list_links` VALUES ('510', '174', null, '7', '4', '0');
INSERT INTO `list_links` VALUES ('511', '172', null, '8', '4', '0');
INSERT INTO `list_links` VALUES ('512', '175', null, '9', '4', '0');
INSERT INTO `list_links` VALUES ('513', '176', null, '10', '4', '0');
INSERT INTO `list_links` VALUES ('514', '177', null, '11', '4', '0');
INSERT INTO `list_links` VALUES ('515', '180', null, '12', '4', '0');
INSERT INTO `list_links` VALUES ('516', '178', null, '13', '4', '0');
INSERT INTO `list_links` VALUES ('517', '179', null, '14', '4', '0');
INSERT INTO `list_links` VALUES ('518', '181', null, '15', '4', '0');
INSERT INTO `list_links` VALUES ('519', '182', null, '16', '4', '0');
INSERT INTO `list_links` VALUES ('520', '183', null, '17', '4', '0');
INSERT INTO `list_links` VALUES ('521', '188', null, '18', '4', '0');
INSERT INTO `list_links` VALUES ('522', '184', null, '19', '4', '0');
INSERT INTO `list_links` VALUES ('523', '185', null, '20', '4', '0');
INSERT INTO `list_links` VALUES ('524', '186', null, '21', '4', '0');
INSERT INTO `list_links` VALUES ('525', '189', null, '22', '4', '0');
INSERT INTO `list_links` VALUES ('526', '187', null, '23', '4', '0');

-- ----------------------------
-- Table structure for lists
-- ----------------------------
DROP TABLE IF EXISTS `lists`;
CREATE TABLE `lists` (
  `id` tinyint(3) unsigned NOT NULL DEFAULT '1',
  `listName` varchar(255) DEFAULT NULL,
  `listType` varchar(255) DEFAULT NULL,
  `listDesc` varchar(255) DEFAULT NULL,
  `listCriteria` varchar(255) DEFAULT NULL,
  `tabLabel` varchar(255) DEFAULT NULL,
  PRIMARY KEY (`id`)
) ENGINE=InnoDB DEFAULT CHARSET=latin1;

-- ----------------------------
-- Records of lists
-- ----------------------------
INSERT INTO `lists` VALUES ('1', 'Movies Bucket List', 'movies', '100 Movies Bucket List Scratch off Poster', 'Unknown selection criteria.  Original rankings formulated by Gift Republic.', 'bucket');
INSERT INTO `lists` VALUES ('2', 'Movies by Vote', 'movies', '100 Top Movies as Voted by the Public', 'List sourced from TMDB. Critera: > 7500 votes, > 7.5 average vote.  Generated Aug 1st, 2019.', 'public');
INSERT INTO `lists` VALUES ('3', 'Books Bucket List', 'books', '100 Books Bucket List Scratch off Poster', 'Original selection of books formulated by Gift Republic.', 'book_bucket');
INSERT INTO `lists` VALUES ('4', 'Star Wars Universe', 'movies', 'All movies & TV shows since \"Star Wars\" released in 1977', 'Any on-screen production from Lucasfilm: ranked simply in release date order.', 'star_wars');
